[
 {
	"driverName":"Allison",
	"orderPlaced":"2015-04-07 17:17:35",
	"restaurantNotified":"2015-04-07 17:17:35",
	"driverAtRestaurant":"2015-04-07 17:57:55",
	"foodPickedUp":"2015-04-07 17:59:42",
	"deliveredToCustomer":"2015-04-07 17:57:55",
	"estimatedDeliveryTime":"2015-04-07 17:57:55",
	"orderStarted":"2015-04-07 17:17:35","id":"691351d25020a826"
 },

	{"driverName":"Ben","orderPlaced":"2015-04-07 17:57:55","restaurantNotified":"2015-04-07 18:03:45","driverAtRestaurant":"2015-04-07 17:57:55","foodPickedUp":"2015-04-07 17:57:55","deliveredToCustomer":"2015-04-07 17:57:55","estimatedDeliveryTime":"2015-04-07 17:57:55","orderStarted":"2015-04-07 17:17:35","id":"c921aadfa138a8f6"},{"driverName":"Annie","orderPlaced":"2015-04-07 15:37:25","restaurantNotified":"2015-04-07 17:59:11","driverAtRestaurant":"2015-04-07 17:57:55","foodPickedUp":"2015-04-07 17:57:55","deliveredToCustomer":"2015-04-07 17:57:55","estimatedDeliveryTime":"2015-04-07 17:57:55","orderStarted":"2015-04-07 17:17:35","id":"87c82dadce2538c6"},{"driverName":"Mark","orderPlaced":"2015-04-07 19:12:10","restaurantNotified":"2015-04-07 20:37:14","driverAtRestaurant":"2015-04-07 18:17:00","foodPickedUp":"2015-04-07 17:57:55","deliveredToCustomer":"2015-04-07 17:57:55","estimatedDeliveryTime":"2015-04-07 17:57:55","orderStarted":"2015-04-07 17:17:35","id":"a02b48c6d4e98925"},{"driverName":"Billy","orderPlaced":"2015-04-07 18:23:15","restaurantNotified":"2015-04-07 18:57:51","driverAtRestaurant":"2015-04-07 17:57:55","foodPickedUp":"2015-04-07 17:57:55","deliveredToCustomer":"2015-04-07 17:57:55","estimatedDeliveryTime":"2015-04-07 17:57:55","orderStarted":"2015-04-07 17:17:35","id":"0b49eb46be115844"},{"driverName":"Kelly","orderPlaced":"2015-04-07 17:17:35","restaurantNotified":"2015-04-07 17:17:35","driverAtRestaurant":"2015-04-07 17:17:35","foodPickedUp":"2015-04-07 17:17:35","deliveredToCustomer":"2015-04-07 17:17:35","estimatedDeliveryTime":"2015-04-07 17:17:35","orderStarted":"2015-04-07 17:17:35","id":"a48690b23b46f820"},{"driverName":"Billiam","id":"eeb4545fe6d7c961"},{"driverName":"George","id":"f7389b6c75a30a35"},{"driverName":"K","id":"e147cfbd3cf0f92f"},{"id":"60e662cb915b5adc"}]